{"cameraMode":{"drawMode":0,"name":"Shaded","section":"Shading Mode"},"sceneLighting":true,"audioPlay":false,"sceneViewState":{"showFog":true,"showMaterialUpdate":false,"showSkybox":true,"showFlares":true,"showImageEffects":true,"showParticleSystems":true},"in2DMode":false,"pivot":{"x":5.3697381019592289,"y":1.3411784172058106,"z":-16.477876663208009},"rotation":{"x":-0.07292506098747254,"y":0.857699453830719,"z":-0.12703807651996613,"w":-0.49297666549682619},"size":9.695084571838379,"orthographic":false}