{"cameraMode":{"drawMode":0,"name":"Shaded","section":"Shading Mode"},"sceneLighting":true,"audioPlay":false,"sceneViewState":{"showFog":true,"showMaterialUpdate":false,"showSkybox":true,"showFlares":true,"showImageEffects":true,"showParticleSystems":true},"in2DMode":false,"pivot":{"x":3.5890121459960939,"y":0.5095479488372803,"z":-19.07659339904785},"rotation":{"x":-0.061722565442323688,"y":0.9100785851478577,"z":-0.14677481353282929,"w":-0.38270506262779238},"size":12.515238761901856,"orthographic":false}